t,x,y,yaw,v_cmd,w_cmd,delta_v,delta_w
1.12406587600708,-3.9996838182089642,3.4999999975232567,-7.394273669942042e-06,0.5,-0.7750451060341094,0.5,-0.7750451060341094
1.313218593597412,-3.998528475893622,3.4999999816069973,-8.691427738149657e-06,0.5,-1.0,0.0,-0.22495489396589063
1.520339012145996,-3.9673560622282427,3.4999996711657935,-6.304176425833713e-06,0.5,-1.0,0.0,0.0
1.7148714065551758,-3.8949758514801154,3.4999877163041972,-0.002520692069135197,0.5,-1.0,0.0,0.0
1.914137601852417,-3.7967560394209414,3.493087790692412,-0.16351652673708178,0.5,-1.0,0.0,0.0
2.113260507583618,-3.6981674754367746,3.466396189621647,-0.3665845568265321,0.5,-0.8598716490405591,0.0,0.14012835095944087
2.318788528442383,-3.607042538522755,3.420593302502764,-0.5596344483000025,0.5,-0.5175097712330033,0.0,0.3423618778075558
2.5194127559661865,-3.5266702172303668,3.359762479994186,-0.7268746340513836,0.5,-0.19829701265859212,0.0,0.3192127585744112
2.7195606231689453,-3.4573568505437544,3.2875789484829645,-0.8310680576466752,0.5,0.08292230849792198,0.0,0.2812193211565141
2.918973445892334,-3.410834204144399,3.225616149753773,-0.864943548582799,0.5,0.2438296289804552,0.0,0.16090732048253323
3.118237018585205,-3.361254066433907,3.1525395885339367,-0.832603458286815,0.5,0.20910166574837044,0.0,-0.03472796323208477
3.3168129920959473,-3.3098715489932293,3.0833383531156193,-0.7885684254328608,0.5,0.13586431584304368,0.0,-0.07323734990532677
3.5184361934661865,-3.258557221353844,3.0210284947061696,-0.752785795592471,0.5,0.023197073170099364,0.0,-0.11266724267294431
3.718675374984741,-3.195432748375041,2.958570284332672,-0.7296186114500409,0.5,-0.061127117084789406,0.0,-0.08432419025488877
3.918018341064453,-3.1198327530651606,2.8928772505211566,-0.7234332405808838,0.5,-0.14143990189206837,0.0,-0.08031278480727896
4.119881629943848,-3.050860521848236,2.8240903372920845,-0.7424485149832437,0.5,-0.14795968158740258,0.0,-0.00651977969533421
4.326140880584717,-2.989440163766628,2.758823799437238,-0.76981853068005,0.5,-0.1282884944874047,0.0,0.019671187099997878
4.525376319885254,-2.9334894715565856,2.7035999954986587,-0.7910919334504621,0.5,-0.10032909336146288,0.0,0.02795940112594182
4.727915525436401,-2.8659433762912876,2.6347717963281254,-0.8135983826906349,0.5,-0.07891740901552509,0.0,0.021411684345937793
4.934763669967651,-2.8079820911353144,2.5655274699489996,-0.8372458230961443,0.5,-0.038584644812699055,0.0,0.040332764202826034
5.125468492507935,-2.7491369188854127,2.4903293033837213,-0.86005875709964,0.5,0.003440370815344547,0.0,0.0420250156280436
5.327950954437256,-2.6894339005715984,2.4109598672000025,-0.8716122970466057,0.5,0.034383572072694595,0.0,0.030943201257350048
5.5309882164001465,-2.6236239611844296,2.3331133691722217,-0.8659306558260136,0.5,0.020165059468268194,0.0,-0.0142185126044264
5.729280948638916,-2.5579266725625094,2.254494818483378,-0.8546177420007551,0.5,-0.013169689325095345,0.0,-0.03333474879336354
5.932461500167847,-2.491626120460323,2.1738741433913567,-0.8515838145977749,0.5,-0.04009086968685392,0.0,-0.026921180361758577
6.129426717758179,-2.420227635956163,2.094607674389285,-0.8550347244595392,0.5,-0.05819521671262388,0.0,-0.018104347025769955
6.328049421310425,-2.357726659631319,2.0131592513502103,-0.8660502625383211,0.5,-0.051144807196043446,0.0,0.007050409516580432
6.532766342163086,-2.305051757949938,1.947990498436306,-0.8738866745340467,0.5,-0.04226751631315498,0.0,0.008877290882888467
6.731655120849609,-2.2400928909214795,1.871984180802461,-0.8813480224452285,0.5,-0.03975920385091073,0.0,0.0025083124622442485
6.931191921234131,-2.179567078029234,1.7934910724115072,-0.8905436145020071,0.5,-0.028325487415659496,0.0,0.011433716435251234
7.13621187210083,-2.1166949925378593,1.714519767580192,-0.8957533033374029,0.5,-0.024098640155678582,0.0,0.004226847259980914
7.334846019744873,-2.0500237194882267,1.6379658591468098,-0.8983183527981619,0.5,-0.03196513764279055,0.0,-0.007866497487111965
7.536951065063477,-1.9856733248282654,1.5605760532247435,-0.90468089857011,0.5,-0.0343537264454979,0.0,-0.002388588802707349
7.738014459609985,-1.9325537934296468,1.4788872282087508,-0.9157121544997077,0.5,-0.010860979483779641,0.0,0.023492746961718255
7.9345409870147705,-1.8899529083225912,1.4198008356462672,-0.9192383890301732,0.5,0.001538427307321507,0.0,0.012399406791101148
8.137234449386597,-1.8347023664986568,1.3494094461810613,-0.9210729841979087,0.5,0.002127349567865984,0.0,0.000588922260544477
8.337393283843994,-1.776123172732461,1.2644183372056927,-0.9285969114327005,0.5,0.016993125237306273,0.0,0.01486577566944029
8.536054372787476,-1.7200082386110527,1.1847820095268786,-0.9328421526837516,0.5,0.028809003582034504,0.0,0.01181587834472823
8.737484216690063,-1.6668243310030693,1.106907529803127,-0.9365123219450673,0.5,0.04081181227925379,0.0,0.012002808697219286
8.938379526138306,-1.6068603543789144,1.0241818266722382,-0.9350326063697183,0.5,0.040142210202120325,0.0,-0.0006696020771334646
9.137340545654297,-1.5443826695229035,0.9393394754165121,-0.9284713857054352,0.5,0.02593808799666214,0.0,-0.014204122205458185
9.343498945236206,-1.4811871346863308,0.8602825782186959,-0.9178435398252242,0.5,-0.004793070191421753,0.0,-0.030731158188083894
9.53893756866455,-1.4140120930206521,0.7845296313653751,-0.9070204083244201,0.5,-0.047726364637296737,0.0,-0.04293329444587499
9.741005897521973,-1.3607649945645242,0.719952002242951,-0.9059768482065583,0.5,-0.07100985186481747,0.0,-0.02328348722752073
9.937902688980103,-1.302863642746371,0.6428744422882731,-0.9174452508836265,0.5,-0.062151503155490326,0.0,0.00885834870932714
10.1389000415802,-1.246623758851801,0.5641430330162145,-0.9305915467664183,0.5,-0.037591132765004406,0.0,0.02456037039048592
10.343245506286621,-1.1909741213318725,0.4814866229593329,-0.9432103459354959,0.5,-0.005412511952160866,0.0,0.03217862081284354
10.542447328567505,-1.1282834189669941,0.4010309223959748,-0.9430530538501519,0.5,-0.0023821560094671556,0.0,0.00303035594269371
10.742488145828247,-1.0689186376465527,0.31341266338323404,-0.945320274463687,0.5,0.005241186381679688,0.0,0.007623342391146844
10.946331262588501,-1.0100218207410574,0.2268110958428942,-0.9480629872714821,0.5,0.014772205950548845,0.0,0.009531019568869157
11.143064975738525,-0.9538427447911704,0.13851838720922596,-0.9513641830373132,0.5,0.03017754061382405,0.0,0.015405334663275205
11.343712568283081,-0.9189007800744293,0.06154516002715365,-0.9601885277639073,0.5,0.0714288643283375,0.0,0.041251323714513455
11.545780181884766,-0.8808445255883515,-0.03890786113177107,-0.9767240023391208,0.5,0.14864292100031407,0.0,0.07721405667197656
11.744677543640137,-0.8247638373944841,-0.13545609788551402,-0.9655419406213297,0.5,0.16624077382849017,0.0,0.017597852828176108
11.94527268409729,-0.7608718545922395,-0.21074465909922094,-0.9260523807636273,0.5,0.09195548861684352,0.0,-0.07428528521164665
12.14766550064087,-0.6967884640678956,-0.27970348501543285,-0.8938324358892175,0.5,-0.002888476100718837,0.0,-0.09484396471756236
12.351027250289917,-0.6321982095503191,-0.35018007192741873,-0.8777691540977126,0.5,-0.07559018838118746,0.0,-0.07270171228046862
12.554027557373047,-0.5698921513602874,-0.4190808397570743,-0.8815670599735044,0.5,-0.10616749412560555,0.0,-0.030577305744418096
12.750714540481567,-0.5001816375432964,-0.48667950051036335,-0.8909171823953488,0.5,-0.1235892099861344,0.0,-0.017421715860528847
12.953104734420776,-0.4394003587108566,-0.5656795156177505,-0.9123356756444825,0.5,-0.09756776165449962,0.0,0.026021448331634778
13.150113344192505,-0.4165121899405126,-0.6631295264672982,-0.9563096013136483,0.5,0.03653173260768364,0.0,0.13409949426218326
13.355885744094849,-0.38803656205213827,-0.7402168444997556,-0.9530411034076828,0.5,0.10027363421421104,0.0,0.0637419016065274
13.557477474212646,-0.31855022291505586,-0.812395655218783,-0.9431217063381768,0.5,0.08220044112453662,0.0,-0.018073193089674422
13.759357213973999,-0.2719680161273546,-0.8927989272112509,-0.9293401660545649,0.5,0.06430539013261041,0.0,-0.017895050991926204
13.955322265625,-0.2375634191347027,-1.000935486596233,-0.9289786015175475,0.5,0.10454116286467308,0.0,0.040235772732062663
14.15724778175354,-0.18050500465156957,-1.0955860431664377,-0.9206595464265992,0.5,0.11328477369219592,0.0,0.00874361082752284
14.356945276260376,-0.10082949279862743,-1.160564970322682,-0.8885192738197848,0.5,0.0234956714862493,0.0,-0.08978910220594662
14.558081865310669,-0.02350611957972243,-1.2246388749278334,-0.8642329343338087,0.5,-0.08083722721661771,0.0,-0.10433289870286701
14.760456323623657,0.026570487692503142,-1.283236047516061,-0.8608516272953504,0.5,-0.12788579164671948,0.0,-0.047048564430101775
14.96226191520691,0.0795112766787669,-1.3672059379331127,-0.8831989520338472,0.5,-0.09672479672836998,0.0,0.031160994918349505
15.163182258605957,0.12474434193420153,-1.4637219225044709,-0.9183439299525448,0.5,-0.0015280543426326315,0.0,0.09519674238573735
15.362485408782959,0.1686137209436135,-1.5480662091311153,-0.9390105136323571,0.5,0.08039592326840171,0.0,0.08192397761103434
15.563524007797241,0.22350638204924234,-1.6225767121962045,-0.9389598795196389,0.5,0.10264245934697362,0.0,0.02224653607857191
15.762214660644531,0.2955426463753722,-1.6890425229610564,-0.9193573572640562,0.5,0.04791633431908359,0.0,-0.05472612502789003
15.962488651275635,0.3691628512401544,-1.765423728961442,-0.8968684543222267,0.5,-0.029164672411674177,0.0,-0.07708100673075777
16.16352677345276,0.41858772045786996,-1.8883689865695148,-0.904173727215538,0.5,0.0022184617368279647,0.0,0.03138313414850214
16.36845374107361,0.4408634534294945,-2.0332854554929716,-0.9317025496679873,0.5,0.14928702823220114,0.0,0.14706856649537317
16.5651752948761,0.45584504361194167,-2.1416151301961537,-0.9393857788530701,0.5,0.28029799505097286,0.0,0.13101096681877172
16.767601490020752,0.489172275881956,-2.259434285974028,-0.8995440238747426,0.5,0.3065400702363719,0.0,0.02624207518539906
16.969740867614746,0.5610995830125445,-2.349409065804816,-0.8370993103911447,0.5,0.20115256759940237,0.0,-0.10538750263696955
17.169920206069946,0.66210025918807,-2.409476554434659,-0.7597167597971187,0.5,-0.037605253390817966,0.0,-0.23875782099022033
17.368281364440918,0.777788261990575,-2.446685853287997,-0.6972815982423933,0.5,-0.3299712838015111,0.0,-0.2923660304106931
17.566239833831787,0.8758852200757666,-2.4850684417888673,-0.7019402058541724,0.5,-0.49489356058414413,0.0,-0.16492227678263305
17.770143747329712,0.9679281201825487,-2.542815815717486,-0.7731715836092408,0.5,-0.48517903005144186,0.0,0.00971453053270227
17.97007441520691,1.059991712535051,-2.604456907732221,-0.8666776575681938,0.5,-0.3698206126745851,0.0,0.11535841737685676
18.16852307319641,1.121657987592303,-2.6594826910439533,-0.9373447830021783,0.5,-0.24243354933337413,0.0,0.12738706334121097
18.37393283843994,1.177750066079599,-2.736023350393895,-1.001866916476108,0.5,-0.08218287385265216,0.0,0.16025067548072197
18.569238662719727,1.2418530999263961,-2.812026390046359,-1.0282648010392912,0.5,-0.009404495066821936,0.0,0.07277837878583023
18.771172046661377,1.3114178359955049,-2.8944794668181277,-1.0352093616763873,0.5,0.006919828404249796,0.0,0.016324323471071732
18.971468210220337,1.3989930777598785,-2.98377151449412,-1.0345882735431777,0.5,-0.0419686926274146,0.0,-0.0488885210316644
19.171146392822266,1.5061048606343297,-3.064646432706215,-1.0325086115031146,0.5,-0.15569629810249686,0.0,-0.11372760547508226
19.371442317962646,1.5866889232383357,-3.1448396876702427,-1.0472293349777948,0.5,-0.20557066201982802,0.0,-0.04987436391733116
19.57624053955078,1.6802635415113556,-3.2356452225844587,-1.0860330926043613,0.5,-0.21120490422449187,0.0,-0.005634242204663853
19.771050930023193,1.7570384676039197,-3.3331170655651206,-1.130051343023371,0.5,-0.15590499152217993,0.0,0.05529991270231194
19.97531533241272,1.8283818916392336,-3.4088596996796348,-1.1615218279248578,0.5,-0.10298616315860931,0.0,0.05291882836357062
20.174257516860962,1.9367208913393024,-3.4978175249267727,-1.1822122132861548,0.4133590574206697,-0.08027894142630196,-0.0866409425793303,0.022707221732307353
20.375805854797363,2.0119718296382207,-3.585109012573416,-1.1939881380174024,0.29175367191145896,-0.030975505904684113,-0.12160538550921074,0.049303435521617846
20.572299003601074,2.064603443663084,-3.6525951260948144,-1.2027234577276864,0.24975962920601186,0.07857220184730246,-0.0419940427054471,0.10954770775198658
20.77917194366455,2.117257505420667,-3.702353678191846,-1.2046012698834354,0.29551992410236516,0.19618492258159365,0.045760294896353304,0.11761272073429119
20.98098587989807,2.1688320183530805,-3.7504755202395406,-1.1817187261334987,0.48711773939340774,0.2782402341624398,0.19159781529104258,0.08205531158084617
21.178482055664062,2.214889152800023,-3.8119145490177755,-1.1426967608122403,0.4547657231903139,1.0,-0.03235201620309386,0.7217597658375602
21.380379676818848,2.2649743765196755,-3.8972386115600575,-1.06657364897646,0.2449380912766123,1.0,-0.20982763191370157,0.0
21.57662558555603,2.312047557210997,-3.9617973759545704,-0.8936380161626372,0.04033804955654091,1.0,-0.2046000417200714,0.0
21.777398109436035,2.362339488600795,-4.010600639003369,-0.6899326650929472,-0.12268855226372788,1.0,-0.1630266018202688,0.0
21.98200297355652,2.3780524740057163,-4.024745329735533,-0.4915474731387237,-0.19656025403982313,1.0,-0.07387170177609526,0.0
22.181501865386963,2.3608849929339564,-4.012253779937419,-0.2880353359527051,-0.18860813884636674,0.9483641655976955,0.0079521151934564,-0.05163583440230446
22.380186557769775,2.330875541587792,-4.004343573378797,-0.08780645951457432,-0.17401837686219612,0.7500637316760685,0.014589761984170613,-0.198300433921627
22.578533411026,2.29722131113394,-4.005848106559836,0.08609691408261107,-0.1821569029128243,0.5172560352292406,-0.008138526050628175,-0.23280769644682797
22.78200674057007,2.2617528260997224,-4.009077571769545,0.22445965377732338,-0.2,0.3024059263026082,-0.017843097087175713,-0.21485010892663237
22.979408979415894,2.236491172099062,-4.020040007793772,0.3217631775686403,-0.2,0.13112868988058501,0.0,-0.1712772364220232
23.18289875984192,2.2123483150119503,-4.035264293455933,0.3750241066287766,-0.2,0.01618745481098216,0.0,-0.11494123506960285
23.382171392440796,2.183840411526217,-4.04785004541145,0.3884404010203829,-0.2,-0.04110940094644211,0.0,-0.05729685575742427
23.5792555809021,2.1444666443438303,-4.0638977712761095,0.37205188620269447,-0.2,-0.049166386289427155,0.0,-0.008056985342985046
23.783705234527588,2.105103124874814,-4.077843050793946,0.36015421487793403,-0.2,-0.04177522777676246,0.0,0.007391158512664697
23.982848167419434,2.066869555321542,-4.094735917191345,0.36155452570457636,-0.2,-0.04010166708724916,0.0,0.0016735606895132982
24.182831287384033,2.0302343444687407,-4.118433534528868,0.36097834318927985,-0.2,-0.03892901685582273,0.0,0.0011726502314264309
24.382704734802246,1.9874764136804268,-4.1319714182454925,0.35425476171780773,-0.2,-0.03249175916300007,0.0,0.006437257692822662
24.58631658554077,1.9519800908041767,-4.139116747391015,0.3415608415523042,-0.2,-0.018671155826020636,0.0,0.013820603336979431
24.784464836120605,1.9245803773105274,-4.151644456071449,0.3337584446777464,-0.2,-0.006282239366965037,0.0,0.012388916459055599
24.98485565185547,1.8943587270832092,-4.165695706463453,0.33515084769891307,-0.2,-0.0026286751172237555,0.0,0.0036535642497412812
25.183704614639282,1.8582319036028363,-4.187679477970745,0.34229250456463306,-0.2,-0.0075321629148579206,0.0,-0.004903487797634165
25.38642930984497,1.8307935169629712,-4.204779369379046,0.34421318318820404,-0.2,-0.011174569167875292,0.0,-0.0036424062530173718
25.58688735961914,1.8082478564468805,-4.218579461209019,0.3354666334527359,-0.2,-0.00484062759910997,0.0,0.006333941568765322
25.784291982650757,1.761532753902854,-4.22920658422793,0.3314224322411273,-0.2,0.0012533665787199944,0.0,0.0060939941778299644
25.9902024269104,1.7049836368056994,-4.23719383235433,0.3321467653962468,-0.2,0.003015491520415692,0.0,0.0017621249416956974
26.18899416923523,1.6637644945510897,-4.2566647849354595,0.33084300619088347,-0.2,0.004869602419083741,0.0,0.0018541108986680488
26.38975739479065,1.6180373132046677,-4.271699368339619,0.32823040118728963,-0.2,0.007923019175626322,0.0,0.003053416756542582
26.592576265335083,1.5736937342371915,-4.288617243937322,0.3332932004635586,-0.2,0.004629806259144109,0.0,-0.0032932129164822133
26.791738986968994,1.5498630891120349,-4.301339863768161,0.33675708608662136,-0.2,0.00025185500843050157,0.0,-0.004377951250713608
26.990530014038086,1.5348031736360888,-4.310974709297931,0.33521556642344646,-0.2,-0.00010670158358450088,0.0,-0.00035855659201500245
27.191664457321167,1.505138560004133,-4.329311606418289,0.3428091347390016,-0.2,-0.006995615943956146,0.0,-0.006888914360371645
27.3925302028656,1.45613840301115,-4.347980922720532,0.35410034366774557,-0.2,-0.019748123151227537,0.0,-0.01275250720727139
27.593836069107056,1.4123494301166175,-4.3637447211228,0.3552808488800634,-0.2,-0.02583141482500162,0.0,-0.006083291673774083
27.79529070854187,1.3760560780153896,-4.371599641819098,0.3391341268092051,-0.2,-0.013885545950160116,0.0,0.011945868874841503
27.994239807128906,1.3474952896374668,-4.378101556241107,0.3347283394842915,-0.2,-0.005254825526953333,0.0,0.008630720423206784
28.19713258743286,1.305770716872762,-4.386426631413992,0.33003046423184285,-0.2,0.0023267043479273664,0.0,0.007581529874880699
28.398275136947632,1.2639877421756638,-4.396841645238251,0.3262918166063323,-0.2,-1.0,0.0,-1.0023267043479274
28.59715700149536,1.2223805025574606,-4.41282908690307,0.3231412280469491,-0.2,-1.0,0.0,0.0
28.79489827156067,1.177662839712017,-4.424230076671758,0.12661850809132072,-0.2,-1.0,0.0,0.0
28.9942684173584,1.146250107941382,-4.426816955987615,-0.057546258782093206,-0.2,-1.0,0.0,0.0
29.20060896873474,1.1165188967622255,-4.417218425943651,-0.2580374904552297,-0.2,-0.8106299145698856,0.0,0.18937008543011435
29.3967547416687,1.0773461869511645,-4.40813351972194,-0.46152607505469456,-0.13888595639329626,-0.3951966567132536,0.06111404360670375,0.41543325785663204
29.598830699920654,1.0718272917489988,-4.388264421292331,-0.6386143798533893,-0.0083998279924829,0.10060677732046319,0.13048612840081336,0.4958034340337168
29.801254987716675,1.0698224556208003,-4.369676057414239,-0.7320711733682446,0.05734414557204043,0.3773966614744543,0.06574397356452333,0.2767898841539911
30.005114793777466,1.0750235423121413,-4.366642109878327,-0.7371003598206207,0.07861484398661049,0.4867528756475694,0.021270698414570063,0.10935621417311514
30.200302362442017,1.0826067146144847,-4.371160118889866,-0.6709131957688992,0.07503510244227249,0.46472737439713746,-0.0035797415443380026,-0.022025501250431956
30.40053939819336,1.0876823782094136,-4.383104984191114,-0.5650315797507255,-0.024671668812452974,0.19209202177632612,-0.09970677125472546,-0.27263535262081134
30.60014510154724,1.0836000692214778,-4.389013576262973,-0.4591982139767645,-0.06058311139809418,-0.009741501805959812,-0.035911442585641204,-0.20183352358228593
30.801633834838867,1.0704112565914423,-4.382036184101904,-0.4226346373900693,0.0273344389285788,0.045190794551512134,0.08791755032667298,0.054932296357471946
31.002837896347046,1.0642925932640293,-4.376957173413073,-0.42907947863090823,0.06665361093323233,0.07394837184661515,0.03931917200465353,0.028757577295103018
31.205568313598633,1.0751464644129054,-4.380977607180193,-0.42180147184373207,0.06663583977887058,0.07458209798230127,-1.7771154361745367e-05,0.0006337261356861162
31.403585195541382,1.0864890932034845,-4.390567153476169,-0.3998732861293359,-0.03386667447296646,-0.11084279955274605,-0.10050251425183704,-0.18542489753504732
31.603793621063232,1.0987928565467884,-4.39770129765385,-0.38958435199766384,-0.08363441851595085,-0.19545748849387823,-0.049767744042984396,-0.08461468894113218
31.80923581123352,1.081330605058437,-4.391357205547313,-0.41033737489228517,-0.08095876258321713,-0.20560977796205324,0.0026756559327337226,-0.010152289468175008
32.00757884979248,1.0460576078392052,-4.381376039105778,-0.44967684935082325,0.03950605837791907,0.005438866398103953,0.1204648209611362,0.2110486443601572
32.20584154129028,1.038543080238634,-4.380601075045038,-0.49681574745460005,0.08523282345378813,0.13566193237271448,0.045726765075869064,0.13022306597461053
32.40912985801697,1.0482330998764933,-4.390766354540642,-0.5089310127612249,0.08084953871904824,0.1967609955988773,-0.004383284734739895,0.06109906322616282
32.609134912490845,1.0967131636312004,-4.385794920414892,-0.4714689363287501,-0.03087722609409585,-0.001299635742911448,-0.11172676481314409,-0.19806063134178875
32.807740211486816,1.1453664397924335,-4.372816993877998,-0.43422709333061793,-0.08229958648001785,-0.13143204323163551,-0.051422360385922,-0.13013240748872407
33.00933265686035,1.1346397955776668,-4.371342946108763,-0.43228204195168185,-0.09035404188929541,-0.18133975780557057,-0.008054455409277558,-0.04990771457393506
33.21223568916321,1.1158509569329913,-4.360449247070035,-0.46577290126635534,-0.06767202950086765,-0.166702051931545,0.022682012388427764,0.014637705874025575
33.41022348403931,1.0885482151374495,-4.350007831227726,-0.4949978076305164,0.048601553127491204,0.033669829905104975,0.11627358262835885,0.20037188183664997
33.61184334754944,1.0719368325482819,-4.347710646093798,-0.5160176608619279,0.10178793320869087,0.1387196942938837,0.05318638008119966,0.10504986438877872
33.812737226486206,1.0786802703225749,-4.350756746350529,-0.5221009726424247,0.1105010091800005,0.18334780597785785,0.00871307597130963,0.04462811168397415
34.008540868759155,1.0843507426344545,-4.358075984569963,-0.49431399348832217,0.10064526179243458,0.17421097135813748,-0.009855747387565922,-0.009136834619720369
34.21027207374573,1.103709460482433,-4.372530719805333,-0.46587772221994994,-0.012270874289073044,-0.02037522669828898,-0.11291613608150762,-0.19458619805642646
34.40956258773804,1.0998293443657445,-4.383668991339731,-0.43191393493114594,-0.06021890109394418,-0.12443533657447693,-0.04794802680487113,-0.10406010987618795
34.60900855064392,1.0566015763595429,-4.384144083888953,-0.4324613217193043,0.03523260310708823,0.01683522546196843,0.0954515042010324,0.14127056203644536
34.81004881858826,1.0499977814752977,-4.38199352694174,-0.4614184944462885,0.07381269874997304,0.10175276491092618,0.03858009564288481,0.08491753944895775
35.00927996635437,1.0623122931709081,-4.386606969980068,-0.4637443838162537,0.07171862784118872,0.13289540851828294,-0.002094070908784315,0.03114264360735676
35.20966982841492,1.0737621372497674,-4.392887806888259,-0.4399599050334599,-0.0274044491398997,-0.046622196662156945,-0.09912307698108842,-0.17951760518043988
35.41290235519409,1.0712923670028551,-4.3970343210662435,-0.4143657465238972,-0.06311455815913478,-0.1390413125357047,-0.035710109019235076,-0.09241911587354776
35.611510276794434,1.0648787667094437,-4.3976141596333305,-0.42093714152938183,-0.07152110909328258,-0.16719020703007764,-0.0084065509341478,-0.02814889449437294
35.811748027801514,1.0571281297262778,-4.396015854630277,-0.45474197753231255,0.016935678527956938,0.024854164391437866,0.08845678762123951,0.1920443714215155
36.01014280319214,1.0476742119698943,-4.390959733595953,-0.48417762300662376,0.05883855745003452,0.13039759255906302,0.041902878922077585,0.10554342816762516
36.20814847946167,1.0582772226075772,-4.393471731904189,-0.47248006347053834,0.061712387846446295,0.15642272853209738,0.0028738303964117723,0.026025135973034352
36.41566801071167,1.0668753048270474,-4.398310880962178,-0.44046808548743904,-0.032970424523906486,-0.03358924597339463,-0.09468281237035278,-0.190011974505492
36.61864352226257,1.0755125544572262,-4.401089381642546,-0.4114615673149219,-0.07270119489131642,-0.1370221182065131,-0.039730770367409934,-0.10343287223311848
36.81557250022888,1.07931937327345,-4.394509767911728,-0.42004125156276834,-0.08012654041791138,-0.17241855644407622,-0.007425345526594962,-0.03539643823756311
37.02349042892456,1.0735821421179979,-4.38655886309396,-0.4436241408409545,0.012974684617076945,0.0016026132162181017,0.09310122503498833,0.17402116966029432
37.22092390060425,1.054358503721741,-4.3813764306861716,-0.47751969456148735,0.06386416922515753,0.10882041447527681,0.050889484608080585,0.1072178012590587
37.42107129096985,1.0673971652544265,-4.385380665614592,-0.4867183799685265,0.06593072069734743,0.1546396892718035,0.002066551472189898,0.045819274796526685
37.6272177696228,1.087326855263178,-4.388897131861771,-0.4600553281263663,-0.033396744602963324,-0.02473114535201329,-0.09932746530031075,-0.17937083462381678
37.81935405731201,1.0679929658666099,-4.391604461788039,-0.42753704288708133,-0.05628749080627645,-0.11851997525681104,-0.022890746203313127,-0.09378882990479775
38.02206373214722,1.0815577254639297,-4.389182259101915,-0.4359903908646883,-0.069777113736603,-0.15235005736121576,-0.013489622930326552,-0.03383008210440472
38.21995401382446,1.0519513019338218,-4.383280452222831,-0.4615484372320161,0.03641626569399323,0.03534478033558039,0.10619337943059623,0.18769483769679615
38.419392108917236,0.9777080419992171,-4.377633026768708,-0.48459512923495135,0.14623763259560488,0.3610470784216826,0.10982136690161165,0.3257022980861022
38.62044405937195,1.0474202199756986,-4.383602274685517,-0.48581883105192175,0.11014931554766774,0.26087215218707016,-0.036088317047937135,-0.10017492623461244
38.82189583778381,1.1624120184355313,-4.397955042987037,-0.4417602805330017,-0.2,-0.15844734711081915,-0.3101493155476678,-0.4193194992978893
39.020368814468384,1.1717458253382602,-4.407422505690719,-0.38951456876828544,-0.2,-0.4871596347725743,0.0,-0.32871228766175514
39.22012448310852,1.096136227418444,-4.40014732984761,-0.33591640776683523,-0.1387195542211792,-0.39132173201726306,0.0612804457788208,0.09583790275531123
39.42302060127258,0.9862036000187769,-4.383260185223254,-0.4108077747248809,0.07578497966567882,0.12052727463283597,0.21450453388685803,0.511849006650099
39.62229132652283,0.9674664388656611,-4.37222721598831,-0.4932736529122091,0.17351045882527877,0.4065929824222332,0.09772547915959995,0.2860657077893972
39.82607889175415,0.9821380535443643,-4.375787193606728,-0.5558092380769106,0.18956434670579198,0.5711278219934027,0.016053887880513207,0.16453483957116954
40.031543254852295,1.086504914790857,-4.395507471893166,-0.488012477825568,-0.000809740000611292,0.16629844052729043,-0.19037408670640327,-0.4048293814661123
40.230196952819824,1.1218476096149699,-4.407776379714962,-0.3704676121469419,-0.2,-0.251633742884658,-0.19919025999938872,-0.41793218341194843
40.4301540851593,1.0872978447410893,-4.407275155005825,-0.30042599601387254,-0.1410726427515184,-0.32717635560463193,0.05892735724848161,-0.07554261271997392
40.63353395462036,1.1091132478253074,-4.4042975307674155,-0.26957353335272216,-0.13193082867355227,-0.3925712544117961,0.009141814077966132,-0.06539489880716415
40.832364320755005,1.1195818627188632,-4.400298323297413,-0.3330067296136756,-0.13182072065429823,-0.36406301108134237,0.00011010801925404046,0.02850824333045371
41.02750253677368,1.0741672315828639,-4.392156440739966,-0.41940485925011933,-0.09334940470021776,-0.2610992564271134,0.03847131595408047,0.10296375465422897
41.23148274421692,1.0212560441579916,-4.373925844373468,-0.5012293312875833,0.06255963034686358,0.04164096082101587,0.15590903504708134,0.3027402172481293
41.4305260181427,0.9953752574395451,-4.35917076081632,-0.5576678681981241,0.16175917621536962,0.41626655420326863,0.09919954586850603,0.37462559338225276
41.63526892662048,0.992051820474759,-4.362623507140933,-0.576485246755149,0.1928858088218251,0.5831744454794213,0.031126632606455484,0.1669078912761527
41.83306646347046,1.0549879188357885,-4.383788658577919,-0.48339385056270295,0.1196130398103076,0.34179390478904836,-0.0732727690115175,-0.24138054069037296
42.032217502593994,1.1255844950196114,-4.403205352481271,-0.38245640494739724,-0.2,-0.17275853304907018,-0.31961303981030764,-0.5145524378381185
42.234110832214355,1.12143613553063,-4.413444814273132,-0.3184444637766438,-0.2,-0.4316253163300886,0.0,-0.2588667832810184
42.43794322013855,1.070295007432079,-4.414770181389549,-0.25500904496612214,-0.138919567602683,-0.4326151965336427,0.061080432397317,-0.0009898802035541165
42.640560150146484,1.0365199232160118,-4.407636483365199,-0.2877927441852576,-0.00227977569150295,-0.2234098533895649,0.13663979191118006,0.20920534314407782
42.8378324508667,1.0059446243614005,-4.396426316889402,-0.36887893123810594,0.07820137771525351,-0.054483652427476825,0.08048115340675646,0.16892620096208807
43.03581237792969,0.9973325528088378,-4.395143028876218,-0.4187273798651831,0.1122509271976054,0.0621951877472539,0.03404954948235189,0.11667884017473072
43.23960256576538,1.0083565336991551,-4.399829392155301,-0.42254909699673,0.1095716015589066,0.10775877244371004,-0.0026793256386987985,0.04556358469645615
43.437607288360596,1.04933906070723,-4.4091614807708766,-0.407587532637763,-0.01912555083189693,-0.07499516665493527,-0.12869715239080354,-0.18275393909864532
43.64232015609741,1.0745201484512676,-4.416975076142945,-0.38327935753037146,-0.087086485907906,-0.17534540903114537,-0.06796093507600907,-0.1003502423762101
43.83887219429016,1.0719294437850886,-4.421761920858198,-0.40026658304013285,-0.113942281347613,-0.1973339192777495,-0.026855795439706995,-0.021988510246604115
44.03957986831665,1.066804301688668,-4.421427529459562,-0.44789738389316996,-0.11971611038754601,-0.16068967455674207,-0.0057738290399330094,0.03664424472100741
44.24150991439819,1.0344159605710486,-4.398676573093865,-0.4788376905735144,0.014999096862806427,0.06154036920766387,0.13471520725035244,0.22223004376440594
44.44119453430176,0.9996705917055623,-4.375080738063218,-0.5139869045640155,0.12455560618609132,0.3851675892113089,0.1095565093232849,0.323627220003645
44.644967555999756,0.988759479274419,-4.374993867564639,-0.51345072124568,0.1692248524780583,0.5165008211535118,0.044669246291966974,0.13133323194220292
44.847678899765015,1.0129152855699755,-4.391852727931432,-0.43723429116915363,0.13433987950638046,0.2941730110524896,-0.034884972971677836,-0.2223278101010222
45.0476016998291,1.0520075498191377,-4.415974514290208,-0.33923234219623877,-0.020039981687356406,-0.06396125968344146,-0.15437986119373687,-0.35813427073593107
45.25108337402344,1.0776389759434188,-4.42603576614582,-0.28010832758336374,-0.09914654057757055,-0.26482445061373694,-0.07910655889021415,-0.20086319093029548
45.454121589660645,1.0789924349262636,-4.421361932163511,-0.26687075538716176,-0.11997224463398362,-0.357377969779684,-0.02082570405641307,-0.09255351916594706
45.65180778503418,1.0707621969346053,-4.415662388786681,-0.31845835780032306,-0.11517534725739445,-0.345002111306393,0.004796897376589171,0.01237585847329098
45.85287141799927,1.0559013229679282,-4.407314994950694,-0.3940130390199344,-0.09464375427674271,-0.2678992050100049,0.02053159298065174,0.07710290629638811
46.055577516555786,1.0187251034955882,-4.395653216319667,-0.45789672757780436,0.0386675023063916,0.006200981101489311,0.1333112565831343,0.2741001861114942
46.252495765686035,1.0066333406170593,-4.392519611421381,-0.5097777616255711,0.09483122029254469,0.16686232265036974,0.05616371798615309,0.16066134154888043
46.45228552818298,1.0428071319958703,-4.402712174170199,-0.5226221936780415,0.07388146981475616,0.22828350712592876,-0.020949750477788534,0.061421184475559026
46.65703868865967,1.0735185663456757,-4.415400301758418,-0.48319011338073525,-0.05535963380389122,0.035604243696951615,-0.12924110361864738,-0.19267926342897715
46.85752058029175,1.0786039004228547,-4.4216895616120295,-0.4400900647542417,-0.10822798581960193,-0.07999010400220602,-0.052868352015710704,-0.11559434769915763
